X,Y,address,
73.0487497,20.1495834,"Dadra and Nagar Haveli, Dadra & Nagar Haveli & Daman & Diu, IND"
72.8904164,19.9412501,"401602, IND"
73.2487497,18.8245835,"410203, IND"
86.5237497,20.4329168,"754213, IND"
83.9904163,18.4995835,"532427, IND"
73.132083,21.4495834,"394421, IND"
88.382083,23.4829168,"741154, IND"
79.2404164,10.0495835,"614620, IND"
88.8154163,22.3245834,"743611, IND"
86.8237497,21.7245834,"757025, IND"
82.8487497,17.5662501,"Yelamanchili, Anakapalli, Andhra Pradesh, IND"
92.7737496,26.1412501,"782428, IND"
73.157083,19.4412501,"421302, IND"
77.082083,9.4329168,"Sabarimala Ayyappan Temple, Sabarimala, Ranni, Pathanamthitta, Kerala, 685533, IND"
81.657083,16.7495835,"534156, IND"
88.832083,22.7245834,"743401, IND"
86.5654163,26.4995834,"847108, IND"
78.7987497,9.4329168,"623530, IND"
88.5987497,26.5662501,"735133, IND"
86.432083,20.5995834,"754214, IND"
72.9404164,20.4745834,"396185, IND"
75.782083,27.0662501,"303704, IND"
86.032083,20.4995834,"Jagatpur Sub-District, Cuttack, Odisha, IND"
86.4237497,20.4162501,"754244, IND"
77.407083,9.2912502,"627758, IND"
88.8487497,22.4995834,"Sandeshkhali-I, North Twenty Four Parganas, West Bengal, IND"
75.8237497,26.9245834,"Shardul Singh Rasta, Pink City, Jaipur, Rajasthan, 302002, IND"
74.3404164,16.3162501,"591313, IND"
73.3404164,19.2495834,"421503, IND"
88.057083,24.4162501,"742227, IND"
84.6654163,25.6495834,"802313, IND"
79.832083,10.9912501,"609609, IND"
76.7487497,10.7745835,"678622, IND"
90.432083,26.0995834,"783129, IND"
81.9904163,16.8245835,"533261, IND"
88.7404163,22.4329168,"Sandeshkhali-I, North Twenty Four Parganas, West Bengal, IND"
85.732083,20.1079168,"752015, IND"
86.4154163,26.5412501,"847421, IND"
83.857083,18.3579168,"532484, IND"
76.7237497,10.5829168,"678507, IND"
90.3487496,26.0912501,"783132, IND"
86.7237497,26.4245834,"847108, IND"
91.507083,25.9995834,"781125, IND"
86.1404163,20.4329168,"Nemalo, Cuttack, Odisha, IND"
72.9737497,22.2829168,"388520, IND"
88.2404163,22.3745834,"743398, IND"
91.4904163,23.4745834,"799105, IND"
83.4654163,25.0329168,"821106, IND"
91.4987496,26.0995834,"Upar Hali, Palasbari, Kamrup, Assam, IND"
91.3237496,23.9245834,"NH-108B, Mohanpur, West Tripura, Tripura, 799210, IND"
87.8404163,22.4579168,"721154, IND"
88.2154163,26.3829168,"855117, IND"
87.482083,26.2329168,"854311, IND"
77.6654164,30.1829167,"247129, IND"
82.507083,26.4995834,"224151, IND"
74.532083,34.2662501,"Sonawari, Bandipore, Jammu & Kashmir"
88.5154163,23.1245834,"741247, IND"
81.932083,16.9412501,"533342, IND"
82.2404163,26.5495834,"224203, IND"
87.1904163,25.8412501,"854202, IND"
81.3237497,16.5745835,"521333, IND"
79.6404164,10.6245835,"610201, IND"
73.157083,18.9579168,"Mumbai Pune Expressway, Ariwali, Panvel Sub-District, Raigarh, Maharashtra, 410206, IND"
76.207083,11.6829168,"673591, IND"
86.6404163,20.5995834,"754217, IND"
87.632083,21.6829168,"721423, IND"
85.807083,26.5079168,"847308, IND"
85.8987497,20.1912501,"752100, IND"
84.5487497,18.9495835,"532284, IND"
88.932083,22.4245834,"743435, IND"
86.4654163,20.4329168,"754212, IND"
87.4237497,26.2745834,"Kursakatta, Araria, Bihar, IND"
82.5237497,26.5329168,"224145, IND"
83.1904163,17.8745835,"Gopalapatnam Main Road, Kothavalasa, Vizianagaram, Andhra Pradesh, 535183, IND"
70.4987497,21.6162501,"362310, IND"
84.107083,18.5079168,"532430, IND"
88.3404163,22.5162501,"Chetla Road, Alipore, Kolkata, West Bengal, 700027, IND"
73.0737497,20.2662501,"Sayli Umerkoi Road, Umarkui, Silvassa, Dadra and Nagar Haveli, Dadra & Nagar Haveli & Daman & Diu, 396230, IND"
85.832083,20.1412501,"752104, IND"
86.0987497,20.5495834,"754290, IND"
81.8154163,16.8495835,"533126, IND"
90.657083,26.5745834,"Bijni, Chirang, Assam, IND"
91.4237496,26.0662501,"781134, IND"
78.7737497,26.1495834,"475682, IND"
89.282083,26.4579168,"735211, IND"
73.007083,20.1745834,"396240, IND"
76.482083,10.7912501,"678642, IND"
91.3154163,23.6995834,"Bishalgarh, Sipahijala, Tripura, IND"
82.957083,17.8079168,"531023, IND"
72.6737497,22.9995834,"Vastral Gam Road, Vastral, Ahmedabad, Gujarat, 382418, IND"
79.7404164,10.8329168,"610101, IND"
85.6904163,26.6995834,"SH-87, Pipra Koeria, Parihar, Sitamarhi, Bihar, 843324, IND"
81.8987497,17.2912501,"Gokavaram, East Godavari, Andhra Pradesh, IND"
73.1904164,19.0495835,"410206, IND"
86.382083,20.4245834,"754244, IND"
87.757083,26.3079168,"Bahadurganj, Kishanganj, Bihar, IND"
83.5904163,25.0745834,"821101, IND"
85.7154163,22.1245834,"Jagannathpur, Pashchimi Singhbhum, Jharkhand, IND"
83.5404163,25.0662501,"821101, IND"
86.132083,20.2829168,"754103, IND"
86.632083,21.3079168,"756045, IND"
87.5154163,21.8912501,"721420, IND"
76.5987497,10.6579168,"678681, IND"
91.932083,25.5412501,"793010, IND"
82.9987497,17.6829168,"Anakapalle, Anakapalli, Andhra Pradesh, IND"
73.107083,21.3079168,"394140, IND"
85.9404163,26.4912501,"847230, IND"
84.8404163,25.8579168,"841415, IND"
73.107083,21.1495834,"394355, IND"
88.207083,26.4495834,"855116, IND"
81.757083,16.4412501,"534268, IND"
86.3154163,20.3579168,"754135, IND"
74.9987497,14.1745835,"Sagar, Shivamogga, Karnataka, IND"
82.0237497,17.1995835,"533435, IND"
73.032083,20.2079168,"Vasona, Dadra and Nagar Haveli, Dadra & Nagar Haveli & Daman & Diu, IND"
72.1404164,21.8412501,"364313, IND"
72.9904164,19.7329168,"401403, IND"
86.257083,20.4412501,"754209, IND"
87.7737497,21.9745834,"721430, IND"
88.657083,23.5245834,"741508, IND"
74.3237497,22.3079168,"457893, IND"
86.4487497,24.8912501,"Lakshmipur, Jamui, Bihar, IND"
86.0654163,20.1829168,"754010, IND"
86.6904163,26.3079168,"852105, IND"
86.582083,26.4745834,"847108, IND"
86.9904163,26.2912501,"852125, IND"
74.3487497,22.3162501,"Alirajpur, Madhya Pradesh, IND"
75.7737497,26.9079168,"Vinod Store, Sodala, Jaipur, Rajasthan, 302006, IND"
92.807083,25.9829168,"Hojai, Assam, IND"
83.857083,25.5829168,"233231, IND"
72.6487497,22.7329168,"387560, IND"
86.0487497,26.5412501,"Basopatti, Madhubani, Bihar, IND"
86.1154163,26.6245834,"Basopatti, Madhubani, Bihar, IND"
88.257083,22.2912501,"743513, IND"
79.6154164,25.5912501,"210431, IND"
76.5654164,10.5995835,"678704, IND"
79.6737497,10.6079168,"610203, IND"
79.7404164,10.5829168,"614712, IND"
76.7654164,26.5162501,"322205, IND"
80.8904164,16.1495835,"521126, IND"
73.1737497,19.0579168,"410208, IND"
81.7904163,16.6329168,"534326, IND"
87.8154163,22.2995834,"721649, IND"
92.6154163,26.0912501,"Kampur, Nagaon, Assam, IND"
87.982083,26.3162501,"855108, IND"
87.682083,22.0745834,"721458, IND"
84.2487497,25.4912501,"Chaugain, Buxar, Bihar, IND"
76.8154164,10.5829168,"678507, IND"
86.5737497,20.5995834,"754215, IND"
88.1404163,22.5329168,"711322, IND"
87.907083,22.3245834,"721627, IND"
72.4404164,23.3495834,"382705, IND"
73.2404164,18.7662501,"410203, IND"
87.807083,22.3995834,"721151, IND"
86.3654163,20.6662501,"755003, IND"
85.6404163,19.9329168,"Gadisagada, Puri, Odisha, IND"
86.057083,21.1745834,"758015, IND"
88.0237497,22.2245834,"711314, IND"
79.032083,29.2829167,"Kashipur, Udham Singh Nagar, Uttarakhand, IND"
81.757083,16.5579168,"534267, IND"
74.2987497,22.7412501,"389155, IND"
85.4737497,26.5329168,"843302, IND"
76.5237497,10.7912501,"678613, IND"
86.432083,20.7829168,"755004, IND"
69.7570831,22.3495834,"361010, IND"
82.0237497,26.7162501,"224188, IND"
76.1654164,11.7829168,"673579, IND"
73.1487497,19.6162501,"421303, IND"
73.0154164,21.2745834,"394180, IND"
86.7404163,26.4329168,"Lalapatti, Sagarmatha, NPL"
79.832083,10.9745835,"609609, IND"
87.607083,26.3745834,"Terhagachh, Kishanganj, Bihar, IND"
87.0404163,21.6579168,"Rupsa, Baleshwar, Odisha, IND"
86.3737497,20.4245834,"754223, IND"
71.6154164,21.6995834,"364740, IND"
82.182083,16.9829168,"533434, IND"
87.882083,22.1662501,"721632, IND"
72.2737497,23.5079168,"384410, IND"
79.8154164,11.0579168,"609311, IND"
84.6904163,25.6829168,"802311, IND"
74.1904164,30.6245834,"152024, IND"
88.3237497,23.4412501,"713512, IND"
80.6987497,16.1329168,"522313, IND"
83.157083,17.9912501,"535161, IND"
81.7737497,16.4662501,"534268, IND"
73.1654164,18.9329168,"410206, IND"
81.907083,16.8579168,"533264, IND"
87.9737497,26.3829168,"855108, IND"
87.9404163,26.2912501,"Bahadurganj, Kishanganj, Bihar, IND"
73.1154164,21.4079168,"394110, IND"
72.7487497,22.5329168,"387240, IND"
88.5654163,23.1662501,"Ranaghat, Nadia, West Bengal, IND"
88.507083,26.3912501,"চোপরা, উত্তর দিনাজপুর, পশ্চিমবঙ্গ, IND"
86.207083,20.3912501,"754134, IND"
90.4404163,26.0829168,"783129, IND"
88.607083,23.1662501,"741202, IND"
84.057083,18.4912501,"532474, IND"
72.9154164,21.0829168,"394235, IND"
82.582083,21.9079168,"Government Primary School Patharipara Mahant, Janjgir, Janjgir-Champa, Chhattisgarh, 495668, IND"
74.0737497,19.9162501,"422103, IND"
75.757083,12.4162501,"Nellihudikeri Main Road, Madikeri, Kodagu, Karnataka, 571201, IND"
83.132083,25.5245834,"233223, IND"
81.5487497,16.6745835,"534134, IND"
88.2654163,22.9245834,"712305, IND"
83.1654163,17.8329168,"Pendurthi, Visakhapatnam, Andhra Pradesh, IND"
87.5487497,26.2579168,"Palasi, Araria, Bihar, IND"
87.4904163,21.9162501,"721420, IND"
86.582083,26.3412501,"847452, IND"
88.332083,26.4079168,"Chopra, Uttar Dinajpur, West Bengal, IND"
71.8904164,21.6079168,"364240, IND"
72.907083,20.0579168,"401606, IND"
83.3404163,18.0495835,"535214, IND"
87.4237497,23.8162501,"731104, IND"
73.0487497,22.3245834,"388510, IND"
72.6570831,22.9495834,"382445, IND"
82.757083,17.4912501,"531082, IND"
86.4487497,20.8329168,"SH-56, Mangalpur, Jajapur, Odisha, 755006, IND"
72.8987497,22.1745834,"391810, IND"
88.907083,26.3412501,"735304, IND"
93.682083,25.9079168,"782490, IND"
83.582083,18.1162501,"535204, IND"
79.732083,10.8412501,"610101, IND"
72.4154164,23.5412501,"382710, IND"
81.7487497,25.1079168,"212108, IND"
86.6404163,21.3079168,"756045, IND"
73.757083,24.6245834,"Udaipur, Rajasthan, IND"
85.882083,20.0079168,"752105, IND"
84.657083,25.6245834,"802313, IND"
86.057083,20.2245834,"754105, IND"
88.0237497,22.3162501,"711314, IND"
84.1654163,27.2079168,"845105, IND"
72.9154164,20.6495834,"396030, IND"
87.0904163,26.3329168,"854335, IND"
86.4737497,21.2745834,"756048, IND"
84.4237497,18.8412501,"532242, IND"
72.9904164,22.2912501,"388520, IND"
86.1404163,26.4162501,"847235, IND"
79.4154164,10.3412502,"614704, IND"
76.4487497,30.9995834,"NH-344A, Balachaur Sub-District, Shahid Bhagat Singh Nagar, Punjab, 144522, IND"
83.1904163,17.9412501,"Kothavalasa, Vizianagaram, Andhra Pradesh, IND"
91.457083,23.4412501,"799125, IND"
76.007083,14.4079168,"577556, IND"
70.3654164,21.8579168,"360440, IND"
76.707083,9.9329168,"685608, IND"
87.1237497,26.3245834,"854335, IND"
76.582083,10.7745835,"678571, IND"
87.8904163,22.3079168,"721627, IND"
92.1654163,26.1079168,"A T Road, Sonapur, Kamrup Metropolitan, Assam, 781366, IND"
87.5654163,26.2829168,"Palasi, Araria, Bihar, IND"
72.7654164,22.3495834,"388580, IND"
83.6654163,18.1579168,"532409, IND"
91.407083,23.9162501,"799211, IND"
74.2404164,16.3162501,"416218, IND"
72.2987497,23.7329168,"384260, IND"
80.9904164,16.3995835,"521322, IND"
85.582083,19.7162501,"Brahmagiri, Puri, Odisha, IND"
86.032083,26.6329168,"847225, IND"
91.3737496,26.0745834,"Goroimari, Kamrup, Assam, IND"
86.907083,26.3495834,"Raghopur, Supaul, Bihar, IND"
72.857083,22.4829168,"388130, IND"
88.7404163,22.6079168,"743445, IND"
90.5237496,26.5245834,"Bongaigaon, Sidli (PT), Chirang, Assam, IND"
73.7487497,19.9579168,"Amagic Holographics, Ambad, Nashik, Maharashtra, 422010, IND"
76.732083,10.7495835,"678622, IND"
81.657083,27.0829168,"271311, IND"
86.257083,26.5995834,"847232, IND"
81.2654163,16.6329168,"534004, IND"
88.3737497,23.4745834,"741154, IND"
86.957083,26.3412501,"Pratapganj, Supaul, Bihar, IND"
73.0904164,19.4079168,"Mahapoli, Bhiwandi Sub-District, Thane, Maharashtra, IND"
88.8237497,22.2579168,"743611, IND"
75.357083,28.1079167,"SH-41, Seetsar, Jhunjhunu, Rajasthan, 333001, IND"
84.3404163,26.6662501,"274409, IND"
78.7737497,9.4162502,"623502, IND"
75.2654164,22.9412501,"454665, IND"
73.0654164,21.0079168,"394350, IND"
95.3154163,27.2745834,"786610, IND"
84.9487497,26.7662501,"Motihari Sub-District, Purba Champaran, Bihar, IND"
80.9654164,27.5495834,"261201, IND"
90.457083,26.0995834,"783134, IND"
91.482083,25.9995834,"781120, IND"
73.032083,20.2495834,"Silvassa, Dadra and Nagar Haveli, Dadra & Nagar Haveli & Daman & Diu, IND"
87.757083,22.1495834,"721601, IND"
86.0237497,26.5912501,"847225, IND"
88.0737497,26.3912501,"Thakurganj, Kishanganj, Bihar, IND"
81.907083,17.1329168,"533294, IND"
87.557083,24.8162501,"Litipara, Pakur, Jharkhand, IND"
72.8987497,20.1912501,"Talasari, Palghar, Maharashtra, IND"
87.0487497,26.2745834,"852137, IND"
92.9904163,22.4829168,"Saiha, Mizoram, IND"
87.6487497,21.9829168,"Lalat Janka Road, Bhagawanpur-II, Purba Medinipur, West Bengal, 721456, IND"
79.5987497,25.5912501,"210431, IND"
92.7404163,26.1579168,"782428, IND"
85.707083,20.0745834,"752015, IND"
88.5987497,22.4912501,"743502, IND"
81.9737497,26.7412501,"224188, IND"
79.857083,10.3829168,"614810, IND"
87.757083,21.9162501,"721444, IND"
87.932083,26.2412501,"Bahadurganj, Kishanganj, Bihar, IND"
88.432083,26.3662501,"Chopra, Uttar Dinajpur, West Bengal, IND"
79.7154164,10.7995835,"610101, IND"
93.807083,25.7912501,"Medziphema, Chümoukedima, Nagaland, IND"
86.8404163,26.3245834,"Raghopur, Supaul, Bihar, IND"
92.832083,25.8579168,"Donka, West Karbi Anglong, Assam, IND"
85.807083,20.1995834,"Uttara, Khordha, Odisha, IND"
72.7237497,22.3745834,"388640, IND"
84.082083,18.4245835,"532421, IND"
82.207083,17.1579168,"533431, IND"
93.0154163,25.7995834,"Donka, West Karbi Anglong, Assam, IND"
73.0904164,19.0162501,"Channel Corner, Kamothe, Panvel, Raigarh, Maharashtra, 410209, IND"
86.707083,26.2412501,"852138, IND"
72.957083,20.7579168,"Bilimora, Navsari, Gujarat, IND"
73.032083,22.8079168,"387305, IND"
86.0154163,20.1245834,"752103, IND"
78.9487497,28.1329167,"243633, IND"
79.5487497,10.6412502,"614717, IND"
90.2404163,26.2162501,"Bilasipara, Dhubri, Assam, IND"
86.107083,20.6662501,"754296, IND"
92.9737496,26.1329168,"782441, IND"
73.1154164,19.2329168,"421301, IND"
90.5987496,26.4412501,"Bongaigaon, Assam, IND"
87.7737497,21.7745834,"721401, IND"
83.0154163,17.6245835,"Munagapaka, Anakapalli, Andhra Pradesh, IND"
87.0987497,26.4245834,"854336, IND"
87.757083,22.3662501,"Panskura Tamluk Road, Panskura, Purba Medinipur, West Bengal, 721634, IND"
88.657083,22.4329168,"743502, IND"
78.6154164,9.5329168,"623701, IND"
83.1487497,17.9579168,"535161, IND"
81.7987497,16.8162501,"533237, IND"
72.9904164,21.1662501,"394305, IND"
88.282083,22.2912501,"743609, IND"
71.8404164,21.5662501,"364270, IND"
86.3404163,26.4245834,"847401, IND"
72.1404164,21.7495834,"Bhavnagar, Gujarat, IND"
87.457083,21.7579168,"721420, IND"
78.9654164,20.9412501,"Bori, Hingna, Nagpur, Maharashtra, IND"
82.2154163,17.0329168,"533434, IND"
81.7987497,25.0495834,"212106, IND"
72.9654164,22.3662501,"388510, IND"
76.557083,10.8079168,"678612, IND"
88.732083,22.4745834,"Minakhan, North Twenty Four Parganas, West Bengal, IND"
75.4654164,28.0745834,"333021, IND"
87.682083,26.2662501,"Bahadurganj, Kishanganj, Bihar, IND"
86.2987497,20.8162501,"755007, IND"
78.7154164,10.7662501,"620004, IND"
76.1487497,11.6495835,"673596, IND"
87.432083,21.8495834,"721436, IND"
72.7987497,22.5162501,"388470, IND"
80.1904164,27.2829168,"241122, IND"
86.582083,26.3662501,"847108, IND"
88.2237497,22.4329168,"743384, IND"
83.7904163,18.2329168,"Laveru, Srikakulam, Andhra Pradesh, IND"
85.632083,20.0079168,"752017, IND"
79.7404164,27.6329167,"241123, IND"
92.9737496,26.1245834,"782439, IND"
79.582083,10.8829168,"SH-67, Nannilam, Thiruvarur, Tamil Nadu, 610107, IND"
86.2654163,21.0495834,"756121, IND"
72.8904164,20.7245834,"396385, IND"
75.7904164,26.9079168,"Parivahan Marg, C-Scheme, Jaipur, Rajasthan, 302001, IND"
76.6237497,10.0829168,"686691, IND"
72.9904164,21.0079168,"396475, IND"
91.0737496,26.0245834,"783130, IND"
86.5737497,26.4412501,"847108, IND"
84.482083,18.9162501,"532242, IND"
88.5487497,27.0829168,"734314, IND"
86.4904163,24.8995834,"Belhar, Banka, Bihar, IND"
88.4904163,23.5495834,"741123, IND"
85.0154163,26.0495834,"843107, IND"
71.8487497,21.8329168,"364330, IND"
83.407083,25.1162501,"Chand, Kaimur (Bhabua), Bihar, IND"
82.1487497,16.9412501,"533006, IND"
79.657083,26.5495834,"209310, IND"
83.907083,27.4245834,"845107, IND"
81.657083,16.6245835,"534124, IND"
69.8487497,22.3912501,"361140, IND"
73.0404164,21.0912501,"394310, IND"
83.3737497,18.1495835,"535003, IND"
71.5404164,21.5162501,"364505, IND"
81.6487497,16.6912501,"534225, IND"
81.807083,26.9162501,"271402, IND"
75.557083,26.9579168,"302012, IND"
86.5737497,26.3579168,"847108, IND"
87.4987497,24.7995834,"Sundarpahari, Godda, Jharkhand, IND"
91.4404163,26.1162501,"781132, IND"
72.7654164,22.4495834,"388160, IND"
70.7320831,21.4745834,"362020, IND"
82.3987497,17.1579168,"533448, IND"
88.0737497,22.3829168,"711315, IND"
87.5737497,22.0412501,"Egra Patashpur Bhagabanpur Road, Potashpur-I, Purba Medinipur, West Bengal, 721439, IND"
85.357083,26.2745834,"843128, IND"
72.6320831,23.1245834,"SH-43, Sughad, Gandhinagar, Gujarat, 382424, IND"
73.0487497,21.6162501,"Kohinoor Street, Ankleshwar Gidc, Ankleshwar, Bharuch, Gujarat, 393002, IND"
87.882083,22.5245834,"721153, IND"
88.882083,22.2745834,"743446, IND"
86.582083,26.3079168,"847452, IND"
86.3987497,26.5745834,"847421, IND"
88.182083,22.2079168,"743331, IND"
85.732083,19.9412501,"752014, IND"
75.7654164,26.9079168,"302006, IND"
75.8154164,27.0745834,"303805, IND"
72.982083,20.1745834,"396240, IND"
72.8237497,22.7745834,"387130, IND"
76.2737497,13.3162501,"573103, IND"
81.5237497,16.5162501,"SH-113, Bhimavaram Sub-District, West Godavari, Andhra Pradesh, 534239, IND"
78.3154164,26.7245834,"476115, IND"
88.7737497,22.6745834,"743428, IND"
85.6237497,20.2079168,"752057, IND"
87.8737497,21.8412501,"Khejuri-II, Purba Medinipur, West Bengal, IND"
91.8404163,26.0329168,"Umling, Ribhoi, Meghalaya, IND"
70.9404164,21.5162501,"365440, IND"
84.182083,26.4995834,"841441, IND"
78.7987497,18.1495835,"502107, IND"
85.807083,20.0745834,"752104, IND"
91.3904163,23.8829168,"799210, IND"
83.357083,17.9912501,"Padmanabham, Visakhapatnam, Andhra Pradesh, IND"
88.807083,25.4495834,"733141, IND"
86.2987497,20.5912501,"754205, IND"
84.5487497,19.1162501,"761005, IND"
87.0404163,21.7745834,"757016, IND"
73.3654164,18.7412501,"410402, IND"
73.0737497,21.3495834,"394170, IND"
72.8737497,22.6912501,"387001, IND"
90.582083,26.0079168,"783120, IND"
87.7904163,22.4245834,"721151, IND"
86.0237497,20.5079168,"Jagatpur Sub-District, Cuttack, Odisha, IND"
87.5404163,26.2829168,"Palasi, Araria, Bihar, IND"
73.3237497,19.0495835,"410101, IND"
85.8654163,20.1412501,"752104, IND"
86.5237497,20.5912501,"754218, IND"
82.8654163,23.2079168,"497229, IND"
92.7487496,22.8995834,"796730, IND"
86.357083,20.6662501,"755003, IND"
87.5237497,21.8829168,"721429, IND"
86.4654163,20.5162501,"754215, IND"
86.107083,20.2912501,"754114, IND"
72.5570831,21.9495834,"392040, IND"
86.3654163,26.5495834,"847232, IND"
88.4737497,26.4245834,"Chopra, Uttar Dinajpur, West Bengal, IND"
87.957083,24.7745834,"Farakka, Murshidabad, West Bengal, IND"
74.0737497,22.1162501,"391170, IND"
77.2987497,23.2329168,"462044, IND"
72.5987497,22.3495834,"388620, IND"
88.282083,22.9412501,"712305, IND"
87.607083,21.9745834,"721440, IND"
77.1987497,27.6329167,"321022, IND"
92.657083,26.0245834,"Kampur, Nagaon, Assam, IND"
72.832083,22.0412501,"392150, IND"
84.982083,19.3412501,"Arjyapalli, Ganjam, Odisha, IND"
81.7904163,16.6245835,"534326, IND"
82.032083,17.1662501,"AH45, Jaggampeta, Kakinada, Andhra Pradesh, 533435, IND"
90.557083,26.0995834,"783133, IND"
86.532083,20.4162501,"754213, IND"
80.832083,16.4079168,"521245, IND"
77.3237497,9.1495835,"627751, IND"
88.5737497,22.3745834,"743363, IND"
72.9737497,20.8079168,"396310, IND"
75.782083,26.8912501,"302006, IND"
76.7487497,9.9079168,"685605, IND"
87.3487497,21.7162501,"756035, IND"
88.0654163,24.3995834,"742227, IND"
76.0737497,23.0329168,"455001, IND"
73.032083,21.0245834,"394352, IND"
91.4237496,23.5329168,"Kakraban, Gomati, Tripura, IND"
91.6154163,24.0495834,"Khowai, Tripura, IND"
90.532083,26.2912501,"783388, IND"
79.1487497,9.9329168,"614621, IND"
86.182083,20.2495834,"754103, IND"
73.5154164,18.0995835,"402302, IND"
84.0737497,18.4412501,"532421, IND"
81.9737497,16.8829168,"533264, IND"
73.2404164,18.9079168,"Khalapur, Raigarh, Maharashtra, IND"
82.107083,16.9245835,"533344, IND"
91.882083,25.6745834,"793123, IND"
76.6737497,10.7079168,"678531, IND"
74.507083,34.2412501,"193202"
85.3154163,26.7079168,"843313, IND"
91.3487496,26.0412501,"781124, IND"
70.4820831,21.7412501,"360410, IND"
82.5237497,17.5079168,"Kotananduru, Kakinada, Andhra Pradesh, IND"
80.0904164,23.2079168,"482005, IND"
88.3404163,22.3912501,"Rajpur Sonarpur, Bishnupur-I, South Twenty Four Parganas, West Bengal, IND"
83.9904163,26.4995834,"841508, IND"
88.1904163,22.4245834,"Buita, Budge Budge-II, South Twenty Four Parganas, West Bengal, IND"
73.182083,19.4745834,"421302, IND"
86.857083,26.3579168,"Raghopur, Supaul, Bihar, IND"
90.532083,25.5829168,"Samanda, East Garo Hills, Meghalaya, IND"
73.032083,21.3995834,"394110, IND"
84.9404163,26.7745834,"Narkatia, Purba Champaran, Bihar, IND"
87.8237497,26.3495834,"Bahadurganj, Kishanganj, Bihar, IND"
73.207083,19.4162501,"Bhiwandi Sub-District, Thane, Maharashtra, IND"
85.6154163,26.7829168,"843330, IND"
87.6487497,21.8745834,"721422, IND"
86.6654163,20.7829168,"754227, IND"
87.1904163,26.3329168,"854336, IND"
88.0737497,26.4079168,"Thakurganj, Kishanganj, Bihar, IND"
93.6904163,25.7662501,"797112, IND"
72.4404164,23.2995834,"Chhatral, Kalol Sub-District, Gandhinagar, Gujarat, IND"
87.9487497,22.2245834,"721625, IND"
86.3404163,20.5745834,"754214, IND"
86.1404163,25.3162501,"Matihani, Begusarai, Bihar, IND"
76.5987497,10.6412502,"678681, IND"
87.182083,26.3995834,"854316, IND"
78.007083,29.1745834,"250404, IND"
84.0654163,25.4912501,"802123, IND"
85.4904163,26.7829168,"843332, IND"
72.9487497,20.5829168,"396002, IND"
85.3487497,26.7579168,"Hathiaul, Janakpur, NPL"
87.582083,21.9912501,"721440, IND"
91.3737496,23.9162501,"799211, IND"
72.6487497,23.1162501,"Sardar Patel Ring Road, Bhat, Gandhinagar, Gujarat, 382428, IND"
77.1654164,11.1162501,"Karumathampatti, Sulur, Coimbatore, Tamil Nadu, IND"
92.882083,25.9245834,"782447, IND"
88.4904163,23.2079168,"Fulia, Santipur, Nadia, West Bengal, IND"
79.5154164,10.8662501,"612604, IND"
91.9237496,25.5245834,"793010, IND"
88.8737497,22.4662501,"Sandeshkhali-I, North Twenty Four Parganas, West Bengal, IND"
73.1987497,19.1245834,"410206, IND"
73.007083,19.1912501,"400605, IND"
72.6404164,23.0079168,"382418, IND"
72.932083,22.1745834,"391430, IND"
82.9487497,26.2329168,"223221, IND"
83.7154163,18.2245835,"Laveru, Srikakulam, Andhra Pradesh, IND"
88.2987497,26.4412501,"Chopra, Uttar Dinajpur, West Bengal, IND"
83.832083,26.5662501,"274405, IND"
79.8404164,10.3329168,"614807, IND"
78.4404164,16.8912501,"509321, IND"
80.982083,27.4995834,"Bahraich Road, Biswan, Sitapur, Uttar Pradesh, 261201, IND"
80.5154164,26.4495834,"209801, IND"
88.4404163,23.0162501,"741245, IND"
76.357083,12.4579168,"571602, IND"
88.3404163,22.4412501,"700103, IND"
87.9904163,22.3579168,"Shyampur-II, Haora, West Bengal, IND"
87.7487497,24.5495834,"816106, IND"
88.682083,22.5245834,"Haroa, North Twenty Four Parganas, West Bengal, IND"
82.1654163,17.2162501,"533432, IND"
79.6237497,10.6162502,"Mazavarayanallu Road, Thiruthuraipoondi, Thiruvarur, Tamil Nadu, 610203, IND"
70.9654164,21.5829168,"365456, IND"
86.207083,20.7412501,"755005, IND"
83.9737497,18.3579168,"Srikakulam Sub-District, Srikakulam, Andhra Pradesh, IND"
88.507083,22.5412501,"743502, IND"
88.3487497,22.4745834,"Saha Para Road, Purba Putiary, Kolkata, South Twenty Four Parganas, West Bengal, 700093, IND"
75.7987497,26.8745834,"Ambedkar Marg, Bajaj Nagar, Jaipur, Rajasthan, 302006, IND"
73.132083,21.6662501,"Valia-Jhagadia, Jhagadia, Bharuch, Gujarat, IND"
86.3737497,20.4745834,"754211, IND"
73.0737497,21.1829168,"394345, IND"
88.182083,22.2662501,"Daulatpur, Falta, South Twenty Four Parganas, West Bengal, IND"
75.7987497,25.1662501,"325003, IND"
84.8487497,26.7829168,"845431, IND"
81.8154163,16.8912501,"533126, IND"
86.0987497,26.3495834,"847214, IND"
88.5487497,22.4162501,"743363, IND"
72.6737497,22.7412501,"387411, IND"
73.0154164,21.8912501,"392220, IND"
69.6654164,22.3245834,"361010, IND"
82.1404163,16.9579168,"533006, IND"
82.132083,17.2245835,"Yeleswaram, Kakinada, Andhra Pradesh, IND"
75.0737497,21.2662501,"425421, IND"
88.2987497,26.4079168,"Chopra, Uttar Dinajpur, West Bengal, IND"
76.6737497,10.7745835,"NH-966, Kalmandapam, Palakkad, Kerala, 678013, IND"
91.407083,23.8162501,"Jirania, West Tripura, Tripura, IND"
88.5404163,23.2329168,"741402, IND"
76.5654164,10.5745835,"678510, IND"
73.2987497,19.0329168,"410101, IND"
81.8737497,16.7745835,"533238, IND"
86.6404163,20.5079168,"754217, IND"
93.0404163,25.9745834,"782446, IND"
72.9154164,22.1412501,"391421, IND"
81.8404163,17.1912501,"Korukonda Gokavaram Road, Gokavaram, East Godavari, Andhra Pradesh, 533289, IND"
88.557083,26.4745834,পঞ্চগড় সদর
81.3154163,16.5162501,"521344, IND"
89.2404163,26.3912501,"736171, IND"
77.932083,29.6579167,"251327, IND"
74.932083,24.4579168,"458441, IND"
77.907083,17.3412501,"Santoshi Matha Kirana & General Store, New Gandhigunj, Vikarabad, Telangana, 501101, IND"
81.607083,16.7079168,"534134, IND"
81.757083,16.6995835,"534324, IND"
73.232083,19.3162501,"421605, IND"
82.1904163,17.1079168,"533450, IND"
87.9487497,22.1912501,"721643, IND"
81.257083,16.6162501,"521340, IND"
88.557083,22.5579168,"Bhangar-II, South Twenty Four Parganas, West Bengal, IND"
76.357083,11.1329168,"676523, IND"
80.3904164,25.7829168,"210126, IND"
87.5237497,26.2745834,"Palasi, Araria, Bihar, IND"
76.507083,10.7245835,"678722, IND"
77.232083,11.2412501,"641655, IND"
87.157083,26.2745834,"854335, IND"
81.6654163,16.4079168,"534280, IND"
86.182083,20.5829168,"754204, IND"
91.3237496,23.9079168,"799210, IND"
87.482083,23.9329168,"Suri-I Sub-District, Birbhum, West Bengal, IND"
72.6570831,23.3995834,"382845, IND"
72.9654164,20.5912501,"396035, IND"
86.5654163,26.4245834,"847108, IND"
80.6654164,16.1495835,"522313, IND"
88.7654163,22.9829168,"743290, IND"
90.4737496,26.4495834,"Sidli (Part-II), Bongaigaon, Assam, IND"
84.8154163,25.8412501,"841415, IND"
88.432083,22.9745834,"B 9 Diagonal Road, Kalyani, Chakdah, Nadia, West Bengal, 741235, IND"
90.532083,26.1329168,"783125, IND"
92.907083,26.0829168,"782445, IND"
72.982083,21.5079168,"394125, IND"
90.6987496,25.4912501,"Samanda, East Garo Hills, Meghalaya, IND"
83.157083,17.7162501,"Sabbavaram, Anakapalli, Andhra Pradesh, IND"
82.4737497,26.4829168,"224151, IND"
77.5154164,9.1495835,"627756, IND"
77.232083,23.2329168,"462030, IND"
86.1404163,26.4995834,"Kaluahi, Madhubani, Bihar, IND"
72.6987497,22.7245834,"387570, IND"
88.1737497,26.4579168,"855116, IND"
84.682083,25.6579168,"802311, IND"
76.5237497,19.3329168,"431505, IND"
81.7904163,16.6662501,"534324, IND"
87.8654163,21.7662501,"721442, IND"
82.107083,26.6495834,"224201, IND"
74.8237497,16.0745835,"591344, IND"
86.0154163,20.1995834,"752103, IND"
86.682083,26.2579168,"852105, IND"
86.0654163,20.1995834,"754105, IND"
93.082083,25.9079168,"782446, IND"
77.7487497,8.8495835,"627352, IND"
88.557083,22.4079168,"743363, IND"
72.957083,22.3579168,"388530, IND"
73.082083,21.5829168,"393001, IND"
72.982083,22.3579168,"388510, IND"
92.932083,25.9162501,"782446, IND"
85.882083,20.3662501,"Saheednagar, Khordha, Odisha, IND"
83.0904163,26.2329168,"276141, IND"
69.8404164,22.3579168,"Reliance Complex, Lalpur, Jamnagar, Gujarat, IND"
81.6654163,25.6745834,"230201, IND"
83.1904163,17.8662501,"Kothavalasa, Vizianagaram, Andhra Pradesh, IND"
87.6237497,21.8245834,"721452, IND"
88.5904163,22.4329168,"743330, IND"
83.3237497,18.0495835,"Kothavalsa Vizianagaram Road, Vizianagaram Sub-District, Vizianagaram, Andhra Pradesh, 535214, IND"
73.032083,19.0495835,"Sanpada M I D C Road, Nerul, Navi Mumbai, Thane, Maharashtra, 400706, IND"
85.0737497,26.8079168,"Ghorasahan, Purba Champaran, Bihar, IND"
88.3487497,23.4495834,"741302, IND"
87.8987497,26.2829168,"Bahadurganj, Kishanganj, Bihar, IND"
87.4154163,26.2912501,"Kursakatta, Araria, Bihar, IND"
80.9654164,16.4245835,"521263, IND"
73.0487497,19.3079168,"Anjali Photo Studio, Kabma Road, Bhiwandi Sub-District, Thane, Maharashtra, 421302, IND"
82.0737497,16.9495835,"533343, IND"
72.2070831,21.7495834,"364002, IND"
91.8737496,25.4912501,"793104, IND"
81.1237497,16.4495835,"521325, IND"
92.0487496,25.5912501,"Mawryngkneng, East Khasi Hills, Meghalaya, IND"
88.2487497,22.2829168,"Fatepur, Falta, South Twenty Four Parganas, West Bengal, IND"
80.032083,15.3495835,"AH45, Tangutur, Prakasam, Andhra Pradesh, 523274, IND"
90.4654163,26.1579168,"783125, IND"
88.9487497,22.1995834,"743378, IND"
82.9904163,17.7662501,"531032, IND"
91.7904163,25.4745834,"Mawphlang, East Khasi Hills, Meghalaya, IND"
87.3404163,21.6245834,"756038, IND"
86.407083,20.8495834,"SH-56, Jajapur, Odisha, 755014, IND"
88.3154163,26.4579168,"Chopra, Uttar Dinajpur, West Bengal, IND"
85.282083,26.7329168,"843313, IND"
85.007083,26.7745834,"845315, IND"
72.8404164,22.0829168,"392150, IND"
82.9154163,17.4579168,"531061, IND"
87.3654163,21.7579168,"756035, IND"
92.7737496,23.0495834,"796691, IND"
86.1154163,26.4662501,"Kaluahi, Madhubani, Bihar, IND"
90.507083,26.1495834,"783125, IND"
82.3154163,17.0662501,"Kothapalle, Kakinada, Andhra Pradesh, IND"
86.2737497,26.5329168,"847232, IND"
72.4154164,23.3662501,"382705, IND"
76.5154164,10.8995835,"678632, IND"
93.7404163,27.1412501,"791110"
72.6070831,23.0745834,"Airport Road, Shahibaug, Ahmedabad, Gujarat, 380004, IND"
71.7320831,24.0995834,"385330, IND"
89.332083,26.4495834,"736165, IND"
84.232083,18.5995835,"532201, IND"
93.0154163,26.0079168,"782439, IND"
85.9654163,20.4329168,"Ranihat Canal Road, Biribati, C.R.R.I., Cuttack, Odisha, 754100, IND"
88.782083,25.4995834,"733141, IND"
88.4987497,23.0745834,"741222, IND"
80.4404164,28.5995834,"262904, IND"
73.232083,19.0829168,"410206, IND"
87.7154163,21.9579168,"721456, IND"
73.0987497,18.8745835,"Karnala Bird Sanctuary, NH-66, Karnala, Panvel Sub-District, Raigarh, Maharashtra, 410221, IND"
85.907083,20.2579168,"752100, IND"
87.7737497,22.2662501,"721629, IND"
88.6737497,22.5662501,"Haroa, North Twenty Four Parganas, West Bengal, IND"
74.5154164,34.2329167,"193202"
89.257083,26.2579168,"736172, IND"
82.1404163,17.1662501,"533431, IND"
72.6154164,22.3245834,"Khambhat, Anand, Gujarat, IND"
86.2237497,20.5412501,"754207, IND"
87.6654163,26.2745834,"Bahadurganj, Kishanganj, Bihar, IND"
83.5654163,25.0412501,"821101, IND"
77.4904164,9.1995835,"627760, IND"
73.907083,22.6245834,"Devgadbaria, Dahod, Gujarat, IND"
92.3737496,25.3579168,"Khliehriat, East Jaintia Hills, Meghalaya, IND"
83.057083,25.9329168,"276205, IND"
82.257083,26.5495834,"224161, IND"
79.5987497,10.4829168,"614702, IND"
91.4987496,26.0745834,"781132, IND"
81.857083,26.8912501,"271402, IND"
90.5904163,26.2412501,"783388, IND"
75.0487497,14.1579168,"577401, IND"
73.0154164,20.3829168,"396191, IND"
72.9154164,20.3662501,"Vapi Koliwad Road, Imran Nagar, Vapi, Valsad, Gujarat, 396191, IND"
85.932083,20.0662501,"752114, IND"
85.3987497,19.9079168,"752023, IND"
88.182083,26.4662501,"855116, IND"
83.7487497,18.2329168,"Laveru, Srikakulam, Andhra Pradesh, IND"
85.7987497,20.0579168,"752016, IND"
73.2654164,19.1245834,"Ambarnath Sub-District, Thane, Maharashtra, IND"
73.5987497,19.6995834,"422403, IND"
72.4487497,22.7995834,"Chaloda Main Road, Dholka, Ahmedabad, Gujarat, 382260, IND"
75.857083,12.5912501,"571236, IND"
81.5904163,16.4662501,"534239, IND"
90.557083,25.9995834,"783120, IND"
79.207083,29.2245834,"Bajpur, Udham Singh Nagar, Uttarakhand, IND"
90.607083,26.5412501,"Bijni, Chirang, Assam, IND"
79.032083,29.2912501,"Kashipur, Udham Singh Nagar, Uttarakhand, IND"
79.6154164,10.5079168,"614703, IND"
86.557083,24.6412501,"811316, IND"
90.507083,26.3162501,"783389, IND"
83.3654163,26.1662501,"276124, IND"
86.4154163,20.6912501,"755012, IND"
90.5737496,26.3412501,"783383, IND"
85.6654163,20.1162501,"Jatani, Khordha, Odisha, IND"
72.3737497,22.7912501,"382220, IND"
88.8154163,23.0912501,"743235, IND"
87.5987497,26.2162501,"Palasi, Araria, Bihar, IND"
78.7737497,25.5329168,"284301, IND"
74.4154164,34.1912501,"193103"
85.982083,20.4912501,"Jagatpur Sub-District, Cuttack, Odisha, IND"
79.307083,11.2329168,"621806, IND"
73.2237497,19.1579168,"Badlapur, Thane, Maharashtra, IND"
81.207083,16.5412501,"521333, IND"
83.857083,18.2912501,"AH45, Etcherla, Srikakulam, Andhra Pradesh, 532410, IND"
88.582083,23.2745834,"741502, IND"
73.057083,21.4579168,"394405, IND"
87.882083,22.2995834,"Kumar Gunge Bazar Road, Tamluk, Purba Medinipur, West Bengal, 721627, IND"
80.5237497,26.9495834,"209870, IND"
77.2987497,23.2495834,"462044, IND"
82.1904163,16.9245835,"533462, IND"
81.7987497,16.9245835,"Canal Road, Vemagiri, Rajahmundry, East Godavari, Andhra Pradesh, 533125, IND"
72.4654164,22.7662501,"382225, IND"
81.6487497,25.0329168,"486220, IND"
76.7154164,9.9412502,"685608, IND"
80.857083,16.3912501,"521256, IND"
76.632083,10.7495835,"678701, IND"
82.9654163,26.2412501,"276142, IND"
92.6654163,26.0829168,"Kampur, Nagaon, Assam, IND"
87.7904163,23.0245834,"713427, IND"
76.707083,10.7329168,"678551, IND"
79.182083,10.0162502,"614619, IND"
69.3570831,22.8329168,"370465, IND"
78.332083,26.6745834,"476115, IND"
81.9487497,26.8329168,"271403, IND"
76.6487497,15.9745835,"584122, IND"
73.132083,19.3662501,"421302, IND"
86.332083,26.4912501,"847227, IND"
83.5154163,26.1912501,"275301, IND"
77.2487497,23.2745834,"462030, IND"
81.1404163,16.4329168,"521325, IND"
86.3237497,26.4162501,"847401, IND"
88.107083,22.2329168,"743368, IND"
92.8654163,26.0995834,"782445, IND"
81.7904163,26.9912501,"271504, IND"
73.1404164,19.2579168,"421301, IND"
81.7654163,25.1412501,"212106, IND"
86.507083,20.9745834,"756116, IND"
72.9654164,20.5745834,"396020, IND"
91.2404163,23.7495834,"799130, IND"
88.7487497,22.2829168,"743329, IND"
87.8654163,22.3829168,"721137, IND"
77.6987497,8.8662502,"627357, IND"
91.3987496,23.8995834,"799210, IND"
72.882083,20.7245834,"396385, IND"
80.7404164,16.0662501,"522259, IND"
83.132083,17.6329168,"531021, IND"
73.157083,21.4745834,"394410, IND"
73.082083,19.2912501,"Maulana Azad Road, Gaibi Nagar, Bhiwandi, Thane, Maharashtra, 421302, IND"
88.557083,23.3829168,"741151, IND"
86.0654163,20.2162501,"754105, IND"
87.9987497,22.2912501,"711314, IND"
80.607083,16.0995835,"522312, IND"
88.6737497,23.4662501,"741508, IND"
83.1487497,17.8245835,"Sabbavaram, Anakapalli, Andhra Pradesh, IND"
88.7154163,22.8495834,"743263, IND"
87.3487497,26.2662501,"Forbesganj, Araria, Bihar, IND"
81.732083,25.0662501,"212108, IND"
74.882083,24.4662501,"Neemuch, Madhya Pradesh, IND"
79.332083,10.2745835,ဘင်္ဂလားပင်လယ်အော်
88.3904163,26.4162501,"Chopra, Uttar Dinajpur, West Bengal, IND"
91.4154163,23.9579168,"799211, IND"
76.6737497,20.4829168,"444303, IND"
76.0904164,11.8079168,"673579, IND"
90.4904163,26.4079168,"Sidli (Part-II), Bongaigaon, Assam, IND"
87.207083,21.5495834,"756024, IND"
87.632083,21.9412501,"721456, IND"
74.2237497,26.0912501,"306102, IND"
86.3904163,20.3412501,"754140, IND"
87.782083,22.1079168,"721633, IND"
87.8737497,22.2829168,"721649, IND"
72.8404164,22.3329168,"388570, IND"
72.8987497,22.4079168,"Suman Mobile Shop, Borsad, Anand, Gujarat, 388540, IND"
83.7654163,18.2495835,"Laveru, Srikakulam, Andhra Pradesh, IND"
81.1154163,27.3829168,"261203, IND"
88.157083,22.2245834,"743368, IND"
76.4987497,11.0162501,"678582, IND"
79.357083,10.9079168,"612703, IND"
86.107083,20.2662501,"754114, IND"
86.157083,20.3079168,"754132, IND"
87.8654163,26.3995834,"Dighalbank, Kishanganj, Bihar, IND"
84.1987497,26.5412501,"Pach Deuri, Gopalganj, Bihar, IND"
85.957083,26.6412501,"847240, IND"
85.182083,26.7162501,"Dhaka, Purba Champaran, Bihar, IND"
74.032083,19.9245834,"422103, IND"
86.582083,26.3495834,"847452, IND"
90.5154163,26.3662501,"783389, IND"
86.1237497,20.5662501,"754290, IND"
86.157083,20.2912501,"754103, IND"
87.6737497,22.2162501,"721161, IND"
79.5737497,10.7829168,"613701, IND"
72.6487497,23.0162501,"Param Pujya Sant Shree Amar Bapu Marg, Odhav, Ahmedabad, Gujarat, 382415, IND"
73.2237497,19.2912501,"421605, IND"
75.332083,12.9745835,"574240, IND"
86.6654163,20.4745834,"754245, IND"
93.007083,25.8995834,"782446, IND"
74.357083,22.3079168,"SH-26, Alirajpur, Madhya Pradesh, 457887, IND"
72.6320831,22.9662501,"59-F-2 Vatva G I D C B Road, Gidc Vatwa, Ahmedabad, Gujarat, 382445, IND"
71.2487497,21.3745834,"365630, IND"
72.4737497,23.1329168,"Rakanpur Santej Road, Kalol Sub-District, Gandhinagar, Gujarat, 382721, IND"
79.182083,25.3329168,"284204, IND"
76.2237497,11.6329168,"673592, IND"
81.2737497,16.5162501,"521344, IND"
73.107083,19.2745834,"421301, IND"
85.6737497,26.7745834,"Parihar, Sitamarhi, Bihar, IND"
87.432083,21.7079168,"756035, IND"
86.482083,20.7995834,"755011, IND"
72.957083,20.9995834,"396415, IND"
93.032083,25.9662501,"782446, IND"
85.582083,19.9912501,"Gadisagada, Puri, Odisha, IND"
90.6237496,26.5162501,"Bijni, Chirang, Assam, IND"
87.507083,21.6912501,"721446, IND"
71.4487497,25.1995834,"344704, IND"
72.9404164,19.7245834,"401403, IND"
92.9654163,22.4829168,"Saiha Sub-District, Saiha, Mizoram, IND"
88.1404163,22.2995834,"743504, IND"
90.4904163,26.2495834,"783388, IND"
87.8737497,22.1495834,"721632, IND"
81.932083,17.1162501,"Gandepalle, Kakinada, Andhra Pradesh, IND"
88.032083,22.2995834,"711314, IND"
80.8487497,16.4079168,"521164, IND"
73.0487497,20.1662501,"Dadra and Nagar Haveli, Dadra & Nagar Haveli & Daman & Diu, IND"
84.957083,25.9662501,"841401, IND"
75.407083,14.7579168,"581110, IND"
79.757083,10.5829168,"611103, IND"
83.0904163,17.5912501,"Simhadri National Thermal Power Cor, Atchutapuram, Anakapalli, Andhra Pradesh, 531020, IND"
76.682083,10.5829168,"678506, IND"
79.832083,10.7662501,"Nagapattinam, Tamil Nadu, IND"
74.2404164,24.2579168,"Shri Vdahi RS Cit Coaching Center, Salumber Road, Lasadiya, Udaipur, Rajasthan, 313604, IND"
87.207083,21.5745834,"756024, IND"
72.9987497,20.8079168,"396360, IND"
74.4154164,30.7245834,"152022, IND"
69.8570831,22.4245834,"Digvijaygram, Jamnagar Sub-District, Jamnagar, Gujarat, IND"
91.907083,26.1495834,"781141, IND"
88.607083,22.4495834,"Sonarpur Main Road, Bhangar-I, South Twenty Four Parganas, West Bengal, 743507, IND"
79.6904164,10.7579168,"611101, IND"
71.8154164,24.1162501,"385330, IND"
82.157083,17.1912501,"533431, IND"
70.9404164,21.4829168,"365440, IND"
81.7237497,16.5162501,"48-1-2 Canal Road, Palacole, Palakollu, West Godavari, Andhra Pradesh, 534260, IND"
91.482083,25.9745834,"781120, IND"
79.357083,10.9162501,"612804, IND"
83.9904163,26.4829168,"841508, IND"
76.782083,9.8495835,"685585, IND"
86.107083,20.6579168,"754296, IND"
90.5487496,26.1995834,"783125, IND"
74.0237497,20.5495834,"423501, IND"
85.482083,26.5329168,"843302, IND"
72.9654164,20.1495834,"Talasari, Palghar, Maharashtra, IND"
72.6154164,22.9829168,"Santshri Revaram Bapu Marg, Ghodasar, Ahmedabad, Gujarat, 380050, IND"
73.082083,19.5079168,"421312, IND"
88.4487497,22.9995834,"741235, IND"
77.4487497,9.0662502,"627857, IND"
73.1737497,19.1829168,"421506, IND"
86.1987497,20.5245834,"754207, IND"
72.9154164,19.6995834,"401404, IND"
86.5987497,26.3412501,"Service Road, Nirmali, Supaul, Bihar, 847452, IND"
87.9487497,26.2912501,"855108, IND"
85.532083,19.7079168,"Brahmagiri, Puri, Odisha, IND"
77.4404164,9.2162502,"627760, IND"
84.007083,18.5079168,"532425, IND"
88.657083,23.3245834,"741502, IND"
88.3154163,22.9412501,"712305, IND"
92.6154163,26.0412501,"SH-18, Kampur, Nagaon, Assam, 782125, IND"
87.107083,26.3829168,"854336, IND"
86.382083,20.6912501,"755012, IND"
78.9987497,9.8662502,"623308, IND"
91.3654163,23.9745834,"799211, IND"
84.6987497,26.6495834,"845422, IND"
86.282083,26.4745834,"847224, IND"
73.1737497,19.2495834,"Ulhasnagar, Thane, Maharashtra, IND"
86.2654163,26.3579168,"847404, IND"
86.2404163,26.4829168,"Khajauli, Madhubani, Bihar, IND"
76.407083,10.9912501,"678583, IND"
72.5904164,23.3662501,"382735, IND"
90.6904163,26.5245834,"Bijni, Chirang, Assam, IND"
81.807083,16.6745835,"534324, IND"
83.907083,18.4412501,"Sarubujjili, Srikakulam, Andhra Pradesh, IND"
81.6154163,16.6995835,"534225, IND"
73.082083,19.6662501,"421303, IND"
86.0654163,20.3412501,"754111, IND"
87.157083,26.2829168,"854335, IND"
80.4237497,26.4745834,"209862, IND"
87.9237497,26.3245834,"Bahadurganj, Kishanganj, Bihar, IND"
85.107083,26.7912501,"Ghorasahan, Purba Champaran, Bihar, IND"
87.357083,21.6162501,"756038, IND"
83.2487497,18.0412501,"535250, IND"
88.8737497,22.2495834,"743378, IND"
87.557083,26.1995834,"Palasi, Araria, Bihar, IND"
78.8737497,9.5579168,"623537, IND"
87.9737497,22.2245834,"Banka Dunipur Road, Mahisadal, Purba Medinipur, West Bengal, 721648, IND"
74.107083,22.1495834,"391168, IND"
88.7654163,22.3245834,"743329, IND"
76.1987497,11.6579168,"673591, IND"
79.6737497,10.4745835,"614716, IND"
72.8154164,22.5579168,"388410, IND"
92.7904163,25.9745834,"Hojai, Assam, IND"
72.8654164,20.2579168,"Daheli, Umbergaon, Valsad, Gujarat, IND"
79.707083,10.5745835,"614711, IND"
72.8487497,22.7245834,"SH-210, Subhash Nagar, Nadiad, Kheda, Gujarat, 387002, IND"
81.5487497,16.4995835,"534239, IND"
86.2654163,24.3995834,"Jamua, Giridih, Jharkhand, IND"
87.3487497,21.6079168,"756083, IND"
86.5654163,26.3412501,"847108, IND"
87.9987497,26.2829168,"855108, IND"
73.1154164,19.2245834,"421301, IND"
76.5487497,10.8745835,"678592, IND"
72.7154164,22.6745834,"387510, IND"
88.482083,26.3745834,"Chopra, Uttar Dinajpur, West Bengal, IND"
79.4987497,10.8745835,"612604, IND"
79.5987497,10.5412502,"MDR-839, Thiruthuraipoondi, Thiruvarur, Tamil Nadu, 614715, IND"
92.9237496,25.8495834,"782450, IND"
72.9737497,22.5412501,"21 Mangalpura Road, Chandralok Society, Anand, Gujarat, 388001, IND"
73.5154164,17.5329168,"415605, IND"
85.982083,26.5412501,"847225, IND"
91.157083,23.7329168,"Bishalgarh, Sipahijala, Tripura, IND"
72.882083,22.3412501,"388530, IND"
73.1404164,19.3412501,"421302, IND"
83.8237497,25.9079168,"221712, IND"
90.482083,26.4329168,"783385, IND"
82.5237497,26.4912501,"224122, IND"
82.207083,17.1745835,"533445, IND"
83.007083,17.6495835,"Munagapaka, Anakapalli, Andhra Pradesh, IND"
88.432083,22.9912501,"741235, IND"
81.7737497,16.5745835,"534327, IND"
85.682083,26.6995834,"Parihar, Sitamarhi, Bihar, IND"
85.6987497,26.6662501,"Parihar, Sitamarhi, Bihar, IND"
76.532083,10.7745835,"678573, IND"
88.4487497,22.3162501,"743610, IND"
86.3904163,26.4329168,"847401, IND"
76.2737497,11.2912501,"679330, IND"
84.682083,18.9995835,"532292, IND"
84.8404163,26.7662501,"845431, IND"
73.5654164,17.4995835,"415604, IND"
90.5737496,26.0079168,"783120, IND"
80.0654164,29.0079167,"262310, IND"
83.9987497,18.3579168,"Narasannapeta, Srikakulam, Andhra Pradesh, IND"
83.582083,26.0579168,"275105, IND"
72.882083,22.6912501,"387001, IND"
81.5654163,16.6162501,"534209, IND"
79.5737497,13.2662501,"631208, IND"
89.1487497,26.2329168,"736158, IND"
77.5487497,8.9829168,"627860, IND"
88.257083,22.4495834,"700140, IND"
88.1987497,22.3912501,"Bowali, Budge Budge-II, South Twenty Four Parganas, West Bengal, IND"
91.8487496,25.5829168,"793005, IND"
72.5487497,23.1079168,"New S G Road, Gota, Ahmedabad, Gujarat, 382481, IND"
85.757083,20.1662501,"Jatani, Khordha, Odisha, IND"
85.557083,26.7412501,"843317, IND"
85.782083,22.2662501,"Jhinkpani, Pashchimi Singhbhum, Jharkhand, IND"
88.8154163,22.2329168,"743611, IND"
86.7154163,20.6245834,"754246, IND"
72.8154164,22.3245834,"388570, IND"
88.8404163,22.8745834,"743247, IND"
88.4987497,23.5162501,"741154, IND"
86.3237497,26.4829168,"847224, IND"
75.207083,33.6579167,"192211"
81.1654163,16.6162501,"521333, IND"
86.9487497,26.3495834,"Pratapganj, Supaul, Bihar, IND"
74.557083,15.9329168,"590016, IND"
87.8487497,22.1579168,"721633, IND"
70.7404164,25.3412501,"344702, IND"
71.3987497,22.7995834,"363040, IND"
81.1737497,16.5162501,"521345, IND"
69.6987497,22.3245834,"361010, IND"
86.6654163,20.7412501,"754227, IND"
86.382083,20.6245834,"755010, IND"
